1;Водитель;УП КораллСтрой;Минск;1200;3
2;Специалист по прямым продажам; Сбер. Начало карьеры;Москва;84000;8
3;Хостес;ООО Омега;Москва;150000;3
4;Кладовщик-комплектовщик-работник склада;ООО Lerteco;Москва;60000;4
5;Упаковщик - сортировщик брендовой одежды (Польша); РЕН-сервис;Минск;896;19
6;Логист / специалист по логистике;ОАО Пивоваренная компания Аливария,часть Carlsberg Group;Минск;1100;9
7;Специалист по работе с клиентами;ЗАО E-dostavka.by;Минск;930;11
8;Менеджер по продажам (без поиска клиентов); Компания Кухонный завод;Москва;180000;7
9;Администратор-охранник; ИНКОМ-НЕДВИЖИМОСТЬ;Москва;100000;11
10;Координатор учебного центра / офис-менеджер;Нек. орг. Португальский культурный центр;Москва;100000;14
11;Продавец-консультант (цифровая и мелкая бытовая техника); Алекс;Москва;115000;19
12;Официант; ЦУМ, Офис;Москва;80000;19
13;Личный помощник руководителя; Зенит-Интер, МАНФС;Москва;100000;3
14;Администратор на Мероприятия;ИП Бражуненко Алексей Владимирович;Москва;60000;12
15;Оператор колл-центра / Менеджер интернет магазина (удаленно); Codika;Москва;30000;10
16;Секретарь на ресепшен;ООО Kyocera Document Solutions Rus;Москва;40000;16
17;АДМИНИСТРАТОР / Менеджер по продажам и работе с клиентами в косметологию (салон красоты);ТОО САЛОН КРАСОТЫ AMELI;Караганда;120000;11
18;Сварщик;ООО Балтийская Транспортная Линия - Сервис;Санкт-Петербург;220000;3
19;Администратор (Оператор) СРОЧНО;ООО Опт-Сити;Москва;40000;12
20;Оператор производственной линии; Завод Тойота в Санкт-Петербурге;Санкт-Петербург;50000;20
21;Юрист в компанию;ООО Азон;Москва;100000;4
22;Начальник производственного отдела;АО Ачинский НПЗ;Ачинск;130000;4
23;Сборщик заказов; Пятёрочка. Склад, логистика;Новосибирск;100000;5
24;Менеджер в сеть ресторанов;ООО MIKA TRADE;Ташкент;3000000;14
25;Дизайнер иллюстратор на YouTube проект; Wylsacom Media;Москва;80000;6
26;Директор; Алекс Ко;Минск;2500;12
27;Комплектовщик-упаковщик на склад детских игрушек;ООО С-Ворк;Москва;90000;16
28;Водитель - курьер на личном легковом автомобиле; Директ-Сервис;Москва;110000;17
29;Заместитель главного бухгалтера;ООО Промкомплект синтез;Москва;90000;6
30;Бухгалтер на первичную документацию несколько юрлиц;ООО Скай Медиа;Москва;55000;12
31;Кладовщик; Мир открыток;Москва;37000;8
32;Водитель автомобиля бизнес класса (Мерседес Бенс w213);ООО Майнкрафт Технолоджи;Сочи;60000;2
33;Оператор 1C;ООО Фритаймторг;Москва;43000;9
34;Ассистент руководителя - Координатор; AFISHA ENTERTAINMENT GROUP;Санкт-Петербург;45000;20
35;Офис-менеджер;ТОО JTS (ДжейТиЭс);Алматы;180000;11
36;Менеджер call-центра по бронированию апартаментов; LuxApartments;Москва;70000;8
37;Пеший курьер; Фреш+;Москва;40000;16
38;Администратор (консультант);ИП Толстыкин Павел Николаевич;Москва;60000;16
39;Менеджер логист в г. Алматы;ТОО Галерея;Алматы;350000;16
40;Теле2 Оператор / оператор - консультант по обслуживанию абонентов;ИП Зейналов;Алматы;100000;12
41;Администратор клиники эстетической медицины и косметологии;ООО Клиника Идеал;Москва;45000;14
42;Менеджер по продажам;ТОО Abay Academy;Алматы;150000;9
43;Сборщик заказов; Пятёрочка. Склад, логистика;Кемерово;100000;12
44;МЕНЕДЖЕР ПО ПРОДАЖЕ ЧАРТЕРНЫХ РЕЙСОВ БИЗНЕС-АВИАЦИИ / БРОКЕР БИЗНЕС-АВИАЦИИ; Авиационный Чартерный Сервис;Москва;250000;4
45;Заведующий складом;ТОО ProMebel, ТМ (ТОО IDIA Market);Алматы;170000;6
46;Менеджер по работе с клиентами (услуги по ремонту принтеров);УП ВСЕБАЙ;Минск;1000;19
47;Кассир;ТОО ProMebel, ТМ (ТОО IDIA Market);Алматы;180000;17
48;Менеджер по продажам строительных материалов; Element Qurilish;Ташкент;3000000;20
49;Продавец-кассир; Пятёрочка. Магазины;Санкт-Петербург;100000;3
50;Сборщик заказов; Комус;Москва;40000;10
51;Ассистент HR-менеджера; Metabo;Москва;65000;13
52;Специалист по консультированию клиентов сервиса; «Автомобильный дом «Энергия ГмбХ»;Минск;100000;10
53;Менеджер по персоналу; Магазин для Питомников;Москва;80000;2
54;Копирайтер (Департамент Игрушка);ООО Сима-ленд;Екатеринбург;30000;9
55;Комплектовщик/упаковщик (Москва);ООО Энергощит;Москва;60000;2
56;Водитель;ООО ЛТР;Санкт-Петербург;75000;4
57;Кладовщик-комплектовщик;ЗАО E-dostavka.by;Минск;1000;10
58;Сборщик заказов; Пятёрочка. Склад, логистика;Казань;100000;7
59;Помощник менеджера по продажам/оператор 1С;ООО Ситистом;Москва;75000;20
60;Специалист по работе с клиентами; Линдстрём, ИООО;Минск;1100;20
61;Помощник бухгалтера;ООО Сибирь ИмпЭкс;Омск;25000;7
62;HTML Developer; Qulix Systems;Минск;100000;5
63;Бухгалтер;ООО Управляемая энергия;Минск;1000;9
64;Оператор терминала (работник склада); DPD в России;Екатеринбург;33000;1
65;Сборщик заказов; Пятёрочка. Склад, логистика;Пермь;100000;16
66;Ассистент руководителя;ООО Premium trade group;Ташкент;100000;7
67;Сборщик заказов; Пятёрочка. Склад, логистика;Санкт-Петербург;100000;5
68;Начинающий проект-менеджер (Алматы);ТОО ProMebel, ТМ (ТОО IDIA Market);Алматы;180000;14
69;Бармен; ЦУМ, Офис;Москва;45000;6
70;Сборщик заказов; Пятёрочка. Склад, логистика;Красноярск;100000;3
71;Заместитель генерального директора по капитальному строительству;ТОО Компания ?нім;Шымкент;400000;6
72;Сборщик заказов; Пятёрочка. Склад, логистика;Омск;100000;3
73;Сборщик заказов; Пятёрочка. Склад, логистика;Самара;100000;7
74;Продавец-консультант;ООО ATTRANERGY TRADING;Ташкент;2000000;1
75;Контент-менеджер (удаленно);ИП Гришин Станислав Александрович;Новосибирск;18000;17
76;Account Manager; Wargaming, Minsk (Game Stream);Минск;100000;1
77;Офис-менеджер / Администратор (Помощник руководителя);ООО АРД;Краснодар;25000;20
78;Junior 3D Artist;ООО FuryLion.SPB;Санкт-Петербург;100000;19
79;Комплектовщик (Алтуфьево); ВкусВилл. Склад ;Москва;55000;16
80;Комплектовщик; ТУТ и ТАМ Логистикс;Минск;850;3
81;Сборщик заказов; Пятёрочка. Склад, логистика;Уфа;100000;17
82;Сборщик заказов; Пятёрочка. Склад, логистика;Екатеринбург;100000;12
83;Специалист по кадрам/экономист;Совместн. п. Тсин Эст Трейд;Борисов;755;9
84;Сборщик заказов; Пятёрочка. Склад, логистика;Воронеж;100000;8
85;Бухгалтер на участок банк-клиент; Магазины;Москва;100000;15
86;Охранник в порт; Кадровое агентство Страж;Тамань;85000;7
87;Администратор-охранник; Технопарк;Москва;50000;7
88;Сборщик заказов; Пятёрочка. Склад, логистика;Ростов-на-Дону;100000;13
89;Менеджер абонентского обслуживания (м. Московская); Контакт Сервис;Санкт-Петербург;32000;6
90;Курьер; Семья;Москва;30000;4
91;Курьер; Docdelivery;Москва;50000;5
92;Заместитель главного бухгалтера; MISSHA;Санкт-Петербург;70000;14
93;Рабочий на производство; БелЭко;Белгород;32000;18
94;Кладовщик-упаковщик; АгроДом;Москва;55000;9
95;Менеджер по продажам моторных масел на входящих заявках; Wecheap;Санкт-Петербург;56000;11
96;Помощник руководителя; WAZZUP;Москва;45000;14
97;Сборщик заказов; Пятёрочка. Склад, логистика;Нижний Новгород;100000;2
98;Архивист;ИП Сафин Марат Рафикович;Казань;32000;6
99;Офис-менеджер;ООО Медицинский центр Юнити;Санкт-Петербург;100000;11
100;Ассистент отдела клиентского сервиса;ООО Инструменты ГРАФФ;Балашиха;45000;19
101;Продавец-кассир; Пятёрочка. Магазины;Новосибирск;100000;10
102;Оператор call-центра;ООО СпецМонтаж;Москва;40000;2
103;Ассистент руководителя - издателя в Алматы; Helvetia;Алматы;50000;9
104;Гейм-дизайнер гиперказуальных игр; КА Натальи Зотовой;Москва;10000;10
105;Оператор терминала (работник склада); DPD в России;Санкт-Петербург;32000;20
106;Специалист отдела рекрутинга;ООО ПромДомСтрой;Минск;1000;12
107;Водитель-курьер с личным легковым автомобилем; Курьерская служба GRASTIN;Санкт-Петербург;65000;20
108;Специалист по подбору персонала;ООО DPD Eurasia;Ташкент;3000000;13
109;Продавец-консультант (магазин на выбор); Rendez-Vous;Москва;80000;19
110;Секретарь на ресепшн;ООО ТК Микскар;Одинцово;35000;1
111;Охранник;ООО ЧОО БИЗНЕС СЕКЬЮРИТИ;Москва;54000;3
112;Рабочий на производство;ОАО Керамин;Минск;1050;8
113;Водитель-экспедитор;ТОО JTS (ДжейТиЭс);Алматы;120000;3
114;Сборщик заказов; Пятёрочка. Склад, логистика;Волгоград;100000;2
115;English Teacher; Люкс Инглиш;Москва;80000;7
116;Помощник бухгалтера;ООО НПК Специальная Металлургия-Москва;Москва;20000;6
117;Специалист по прокату автомобилей;ООО РойсКорп;Минск;1000;9
118;Ведущий экономист; FinHelp;Москва;100000;16
119;Региональный менеджер по работе с клиентами;ООО Фрилайн-Саратов;Москва;70000;17
120;Водитель-курьер с личным легковым автомобилем; Курьерская служба GRASTIN;Москва;170000;11
121;Менеджер ВЭД; ЭксИм Пасифик;Москва;63300;6
122;Категорийный менеджер;ЗАО Партнер Кей Джи;Бишкек;100000;16
123;Системный администратор; Мастер Вин;Уфа;60000;12
124;Помощник по хозяйству в загородный дом (с проживанием);ИП;Москва;100000;4
125;Специалист по кадрам; ЭлитПартнер;Минск;100000;8
126;Экономист-финансист; ГродноАгроинвест;Гродно;1200;11
127;Водитель-курьер суточный!;ООО Подарок бай;Минск;800;19
128;Менеджер по продажам; CREDIX;Санкт-Петербург;100000;14
129;Менеджер по продажам;ООО БухОбслуживание;Оренбург;30000;19
130;Курьер; Семья;Санкт-Петербург;30000;9
131;Руководитель транспортного отдела;ООО В2B;Москва;80000;14
132;Специалист службы Сервиса;ООО MiaSofia;Екатеринбург;37000;17
133;Сборщик заказов; Пятёрочка. Склад, логистика;Челябинск;100000;2
134;Личный охранник/телохранитель; EPAM;Москва;100000;4
135;Упаковщик замороженной продукции; буше;Санкт-Петербург;40000;6
136;Водитель-курьер; Фреш+;Москва;90000;15
137;Специалист телефонных продаж; Унитарное предприятие «Кока-Кола Бевриджиз Белоруссия».;Минск;900;14
138;Специалист по логистике;ООО Дом Каминов;Москва;50000;10
139;Экономист;ЗАО Волок;Орша;900;3
140;Копирайтер - прототипировщик;ТОО Brainest Digital Agency;Алматы;100000;18
141;Менеджер по работе со спонсорами;Нек. орг. Международный Совет по танцу CID с/o UNESCO. Официальное представительство г. Москва;Москва;150000;14
142;Продавец-кассир; Пятёрочка. Магазины;Красноярск;100000;2
143;HR generalist (HR-специалист широкого профиля);ТОО STEPLine;Алматы;350000;13
144;Помощник бухгалтера;ТОО e-shop;Нур-Султан;150000;8
145;Водитель погрузчика;ООО Модуль;Санкт-Петербург;55000;20
146;Специалист по IT;ТОО Регионбет;Актау;150000;5
147;"Продавец-кассир (ТЦ ""Тринити"")"; Торговая сеть «СПОРТМАСТЕР» (Беларусь);Гродно;720;8
148;Менеджер выездных продаж;ООО ПИК-Аренда;Москва;65000;4
149;Subsidiary Director; LeverX International;Латвия;100000;4
150;HR-специалист;ООО ТК Альянс;Москва;60000;4
151;Специалист по продвижению бренда; Pepsico Беларусь;Минск;100000;12
152;Специалист по доставке банковских карт;  Альфа-Банк;Москва;43000;19
153;Директор по IT / CIO;АО Модный Континент;Москва;100000;14
154;Оператор call-центра;ООО РемакКлининг;Минск;670;7
155;Ассистент менеджера по продажам;ООО ЦЕНТР;Москва;60000;3
156;Remote Data Scientist;ООО MaxinAI;Алматы;1500;16
157;Специалист по размещению рекламных объявлений;ООО Гарант Недвижимость;Минск;1000;2
158;Продавец-кассир; Пятёрочка. Магазины;Кемерово;100000;12
159;Мерчендайзер; Караван;Минск;720;6
160;Региональный менеджер сети магазинов одежды;ООО Марк Формэль;Алматы;100000;2
161;Продавец-консультант; Эра Людей;Москва;45000;7
162;Комплектовщик/оператор склада; YouDo;Уфа;36000;9
163;Сотрудник склада; Lamoda;Екатеринбург;34400;4
164;Комплектовщик заказов на складе;ООО Интес;Москва;40300;2
165;Курьер-экспедитор;ООО Арт Мастерская;Москва;35000;6
166;Специалист по работе с клиентами;АО Citibank;Санкт-Петербург;70000;16
167;Менеджер по внешней логистике и таможенному оформлению;АО Модный Континент;Москва;91000;11
168;Специалист на входящую линию (консультирование физических лиц);ПАО Совкомбанк;Саратов;20000;9
169;Специалист обработки заказов интернет-магазина; НОНТОН.РФ;Санкт-Петербург;35000;8
170;Менеджер по продажам; Алекс;Москва;115000;15
171;Водитель-курьер;ООО Купи Фуд;Санкт-Петербург;70000;18
172;Администратор кафе; Ворлд Класс Фитнес;Минск;700;4
173;Специалист по кадрам; Мелодия здоровья;Новосибирск;40000;6
174;Специалист по работе с клиентами; MANGO OFFICE;Москва;60000;18
175;Кладовщик;ООО ГазТеплоТорг;Минск;700;12
176;Комплектовщик/оператор склада; YouDo;Волгоград;36000;1
177;Администратор сети бьюти коворкингов;ООО АльтИнвест;Москва;100000;15
178;Начинающий специалист/аналитик; Унитарное предприятие «Кока-Кола Бевриджиз Белоруссия».;Минск;100000;20
179;Кладовщик; ФАРМПЕРСПЕКТИВА;Самара;45000;6
180;Продавец-кассир; Пятёрочка. Магазины;Казань;100000;2
181;Техник по обслуживанию оборудования; Завод Тойота в Санкт-Петербурге;Санкт-Петербург;60000;17
182;Продавец-консультант; ВкусВилл. Магазины;Москва;45000;16
183;Ведущий специалист по кадровому делопроизводству; Группа компаний INCO;Ташкент;4000000;10
184;Менеджер интернет магазина/колл-центра;ТОО e-shop;Нур-Султан;130000;6
185;Продавец-консультант;ТОО АдиАн Ритэйл;Алматы;80000;12
186;Менеджер по закупкам и планированию;ТОО Сика Казахстан;Алматы;100000;11
187;Менеджер по маркетингу; BNS Group;Москва;100000;20
188;Менеджер по обработке заказов в магазине спортивного оборудования;ТОО Ersport.kz;Алматы;150000;6
189;Административный менеджер / Секретарь-делопроизводитель / референт; ECCO;Москва;100000;9
190;Директор филиала (Нижний Новгород, Киров); Белвест;Нижний Новгород;70000;11
191;Пеший Курьер;ООО Курьерская служба Метеор;Москва;35000;13
192;Продавец-кассир; Пятёрочка. Магазины;Москва;100000;15
193;Грузчик-экспедитор (помощник водителя); Унитарное предприятие «Кока-Кола Бевриджиз Белоруссия».;Витебск;650;19
194;Помощник менеджера по продажам;УП ЗАЛ-ТОВ;Минск;850;13
195;Специалист по заполнению кредитных заявок;ПАО Совкомбанк;Воронеж;45000;1
196;Менеджер по продажам услуг;ООО Ярд Империал;Домодедово;60000;2
197;Водитель (категории B C E); BORK;Москва;75000;17
198;Продавец-кассир; Пятёрочка. Магазины;Самара;100000;4
199;Маркетолог;ООО Вкусные подарки;Ижевск;100000;8
200;Специалист по работе с клиентами; ЦУМ, Интернет-магазин;Краснодар;100000;2
201;Водитель-курьер с личным авто (легковой); City Express;Санкт-Петербург;45000;5
202;Заместитель начальника юридической службы; АйСиЭм;Москва;100000;9
203;Пресс-секретарь/Специалист по работе со СМИ (Специалист по работе с пресс-центрами администраций);Нек. орг. Международный Совет по танцу CID с/o UNESCO. Официальное представительство г. Москва;Москва;75000;19
204;Менеджер по работе с клиентами;ИП Марченко Михаил Александрович;Ростов-на-Дону;30000;3
205;Продавец-кассир; Пятёрочка. Магазины;Екатеринбург;100000;4
206;Продавец-кассир; Пятёрочка. Магазины;Ростов-на-Дону;100000;1
207;Руководитель Регионального операционного офиса, г. Ростов-на-Дону;АО Банк ДОМ.РФ;Ростов-на-Дону;100000;8
208;Бухгалтер-координатор в отдел закупок и логистики;ООО Глобал+М;Москва;60000;10
209;Программист 1С ERP на внедрение;ООО Стилмастер;Москва;400000;10
210;Бариста; Coffee Like (ИП Салахов Руслан Аликович);Барнаул;20000;20
211;Печатник флексографской печати;ООО КиМа флекс;Минск;2325;6
212;Сборщик заказов (м.Выхино); Lamoda;Москва;45000;15
213;Продавец-кассир; Пятёрочка. Магазины;Воронеж;100000;6
214;Менеджер по продажам;ООО Медицинский центр Юнити;Санкт-Петербург;55000;2
215;Кладовщик на склад продуктов питания (Алтуфьево); ВкусВилл. Склад ;Москва;57000;16
216;Специалист дистанционного сервиса; Точка;Екатеринбург;40000;3
217;Комплектовщик товаров (склад); А1. Закупки, продажи, логистика;Минск;100000;7
218;Мерчендайзер; Унитарное предприятие «Кока-Кола Бевриджиз Белоруссия».;Барановичи;100000;14
219;Руководитель отдела продаж;ООО Нова Систем;Минск;100000;20
220;Торговый представитель (категории ВС);ТОО ПК Деметра;Алматы;150000;7
221;Менеджер интернет-магазина;ООО СМАРТКонсалтинг;Минск;1300;8
222;Продавец-консультант SOKOLOV (Соколов); SOKOLOV;Москва;50000;3
223;Оператор по работе с просроченной задолженностью; Тинькофф;Москва;20000;16
224;Кассир;ООО Safia кондитерский дом;Ташкент;1200000;10
225;Специалист поддержки клиентов;ТОО Технологии и развитие;Алматы;185000;18
226;Охранник в элитный жилой комплекс; Кадровое агентство Страж;Москва;45000;14
227;Полицейский (Москва); 1-й оперативный полк полиции ГУ МВД России по г. Москве (3 батальон 2 рота);Москва;60000;8
228;Продавец-кассир; Пятёрочка. Магазины;Омск;100000;9
229;Кладовщик-комплектовщик; Курьерская служба GRASTIN;Москва;42000;11
230;Охранник;ООО ОА Цитадель;Иркутск;20000;14
231;Пишущий редактор; MANGO OFFICE;Москва;100000;2
232;Менеджер по продажам;ТОО Vector 7;Алматы;500000;7
233;Продавец-кассир; Пятёрочка. Магазины;Уфа;100000;12
234;Медицинская сестра в косметологии;ООО БьютиМедСервис;Москва;55000;16
235;Менеджер по подбору линейного персонала; НРГ;Москва;50000;19
236;Директор-стажер; ЛАБИРИНТ;Москва;65000;5
237;Помощник руководителя;ИП Смирнова Елена Александровна;Ижевск;35000;4
238;Директор салона;ТОО Askona Life Kazakhstan (Аскона Лайф Казахстан);Алматы;300000;9
239;Флорист; Юрова Светлана;Москва;50000;19
240;Секретарь на телефон;ИП Толстыкин Павел Николаевич;Москва;60000;5
241;Специалист по кадровому делопроизводству;Крупный e-commerce проект;Москва;55000;12
242;Сборщик заказов; Пятёрочка. Склад, логистика;Березовский (Кемеровская область);100000;7
243;Менеджер оптового отдела продаж; Гейзер;Москва;60000;2
244;Assistant Product Manager;ООО Амасейлс;Минск;100000;4
245;Упаковщик/оператор производства; YouDo;Санкт-Петербург;35000;10
246;Администратор в балетную школу (Кунцевская, Мытищи); Балет с 2 лет;Москва;50000;5
247;Барбер в премиум барбершоп с обучением; Ахунов Дамир Айратович;Москва;80000;14
248;Economic Specialist in the Economic Section; U.S. Embassy in Kyiv, Ukraine;Киев;100000;4
249;Начальник службы наземного (перронного) обслуживания воздушных судов;ООО ШЕРЕМЕТЬЕВО ХЭНДЛИНГ;Москва;100000;9
250;Секретарь; ГК Правовое решение;Москва;35000;14
251;Ведущий финансовый менеджер;АО Модный Континент;Москва;100000;8
252;Финансовый менеджер (финансовый контролер);ООО Доминоспицца;Минск;2000;18
253;Кассир;ООО Мосплодторг;Москва;40000;11
254;Специалист по кадровому учету;ООО ИЧ и Партнерс Руссия;Москва;100000;5
255;Оператор call-центра; DOMIKUS;Ташкент;200;8
256;Кладовщик; APS;Минск;1000;20
257;Заместитель главного бухгалтера;ООО ЭкоПромМет Плюс;Москва;60000;10
258;Младший художник по персонажам; ZAVOD Games;Москва;50000;15
259;Пеший курьер; Далли-сервис;Москва;40000;11
260;Мерчендайзер (торговый агент); Беллакт-Столица;Минск;840;9
261;Кассир в группу развития; ВкусВилл. Магазины;Москва;55000;2
262;Product Manager; ortnec.com;Кипр;100000;17
263;Менеджер по продажам / Гражданство других стран, Юридическая сфера; Эмиграционный Центр Garant.in;Москва;70000;6
264;Комплектовщик/оператор склада; YouDo;Саратов;36000;19
265;Продавец-кассир; Пятёрочка. Магазины;Челябинск;100000;4
266;Работник цеха нарезки и сборки металлоконструкций /Рабочий; Рекордсмен;Минск;1100;10
267;Мерчендайзер на замену отпусков и больничных; Унитарное предприятие «Кока-Кола Бевриджиз Белоруссия».;Гомель;100000;5
268;Стажер/аналитик отдела сопровождения сделок; EY;Минск;100000;5
269;Менеджер по продажам;ООО Завод лестниц на металлическом каркасе;Москва;150000;11
270;Мерчендайзер на замену отпусков/больничных; Унитарное предприятие «Кока-Кола Бевриджиз Белоруссия».;Бобруйск;100000;5
271;Менеджер отдела продаж;ООО НотаГолд;Москва;80000;17
272;Хостес;ООО Парадиз;Москва;80000;2
273;Проектный менеджер-аналитик (Data Project manager-analyst);ТОО Frontier KZ;Алматы;600000;11
274;Администратор клиники / медицинского центра;ООО МЕДИКАЛ НОУТ;Москва;35000;13
275;Курьер; Семья;Краснодар;30000;10
276;Продавец-кассир; Пятёрочка. Магазины;Волгоград;100000;18
277;Специалист технической поддержки; Delta M;Киев;100000;19
278;Специалист по разборке легковых автомобилей (автослесарь);ООО Автоградиент;Минск;1500;12
279;Продавец-консультант (м. Ростокино); КАНТАТА;Москва;34000;2
280;Специалист службы поддержки пользователей; Яндекс;Санкт-Петербург;26000;1
281;Курьер;ООО Рултек;Москва;20000;6
282;Управляющий директор; Этажи;Минск;100000;6
283;Упаковщик на производство в г. Москва;ООО Упак;Москва;45000;14
284;Кладовщик;ОАО Пивоваренная компания Аливария,часть Carlsberg Group;Витебск;690;13
285;Менеджер по логистике и ВЭД;ООО Транссвязь;Москва;80000;1
286;Водитель-экспедитор (категории В); Нестарица;Нижний Новгород;30000;2
287;Уборщица/Уборщик;ОАО Белгазпромбанк;Минск;300;10
288;"Менеджер / Товаровед / Администратор магазина (г. Нур-Султан, ТЦ ""Мега Silk Way"")";ТОО Арт Град;Нур-Султан;170000;16
289;Продавец-кассир; Пятёрочка. Магазины;Нижний Новгород;100000;16
290;Официант;ООО ГлобалСлавСтрой;Минск;600;1
291;Сборщик заказов; Комус;Москва;40000;16
292;Приемщик-оценщик;ТОО КАЗАХЮВЕЛИР-ЛОМБАРД-АЛМАТЫ;Актобе;96000;11
293;Менеджер по заказам (обработка заказов от магазинов сети);ТОО Л5;Нур-Султан;258000;17
294;Младший инженер (техническая эксплуатация);ООО Соткон;Москва;62000;2
295;Продавец-консультант магазина LEGO в ТРЦ Планета (Декабрь - Январь); Inventive Retail Group, LEGO;Уфа;25000;9
296;Менеджер по продажам;ООО Талифа Груп;Минск;1000;19
297;Менеджер по продажам СПА и мед. оборудования; Эстекс Бел, ЧП;Минск;1200;11
298;Водитель на автомобиль компании; G M A COMPANY;Москва;75000;3
299;Стажер в судебно - арбитражную практику; EPAM;Москва;100000;8
300;Бухгалтер;ООО Альфа;Санкт-Петербург;46000;10
301;Менеджер по кадровому делопроизводству; Аптечная сеть Максавит и 36,7;Нижний Новгород;40000;4
302;Торговый агент; Караван;Гродно;100000;18
303;Менеджер з продажу;ООО grc.ua;Киев;100000;4
304;Руководитель строительных проектов (Узбекистан);ООО Golden House;Москва;100000;8
305;Специалист по заполнению кредитных заявок;ПАО Совкомбанк;Казань;45000;1
306;Кладовщик (трубопроводная арматура, сантехника, электрика);ООО Электротехническая компания Светлый город;Минск;900;12
307;Менеджер call-центра (входящие звонки);ООО Окна Старс;Москва;40000;14
308;SMM-менеджер;ООО Ланикс М;Москва;100000;19
309;Интервьюер; СКБ Контур;Пермь;25000;6
310;Руководитель отдела продаж;ООО СДЭК-ЮВАО;Санкт-Петербург;70000;3
311;Видеооператор - cтажер (школа Видеодизайна AdMe); TheSoul Publishing (AdMe);Казань;100000;8
312;Мастер-приемщик;ООО Дженерал Сервис;Тольятти;60000;16
313;Товаровед(Залесный); Самокат (ООО Умный ритейл);Казань;36810;15
314;Водитель;ООО РЭД КРАУН;Москва;85000;13
315;Менеджер по работе с клиентами;ООО Пас;Нижний Новгород;40000;1
316;Специалист по кадровому делопроизводству;УП Моторлэнд;Москва;60000;2
317;Сборщик заказов; Пятёрочка. Склад, логистика;Москва;100000;14
318;Бухгалтер на первичную документацию;ИП Лазаренко Г.В.;Алматы;180000;16
319;Специалист по планированию производства;ОАО Пивоваренная компания Аливария,часть Carlsberg Group;Минск;100000;16
320;Водитель-курьер на личном автомобиле Яндекс Маркет (Беру);ИП Левина Галина Алексеевна;Москва;70000;10
321;Руководитель отдела продаж автомобилей BMW; BMW АВТОИДЕЯ;Минск;100000;16
322;Руководитель направления Строительный контроль , г. Воронеж;АО Банк ДОМ.РФ;Воронеж;80000;16
323;Системный администратор; Boxberry;Омск;35000;6
324;Lifestyle manager (Personal Assistant); BSI Lifestyle;Киев;100000;16
325;Продавец-консультант; ZOO43;Киров (Кировская область);22000;12
326;Кассир в сеть ресторанов Японамама;ООО MIKA TRADE;Ташкент;3000000;4
327;Менеджер по работе с клиентами/ресепшионист;ИП Пенкрат П.В;Минск;800;19
328;Оператор автопарка (ст. м. Кожуховская); DHL Express;Москва;50000;3
329;Приемщик авторизованного сервисного центра Apple; Inventive Retail Group, re:Store;Москва;50000;14
330;Водитель;ООО АЭРО-ИН;Санкт-Петербург;60000;12
331;SMM / КОНТЕНТ Менеджер;ТОО e-shop;Нур-Султан;150000;7
332;Инженер ПТО;ООО ГазАртСтрой;Тюмень;120000;2
333;Проджект менеджер онлайн-курсов;ИП Образовательная платформа LABA;Москва;140000;1
334;Продавец-консультант (кавист); Белвингрупп;Гродно;100000;10
335;Инженер-конструктор;ООО ТД Первый электротехнический;Москва;80000;20
336;Главный бухгалтер в ресторанный холдинг;ООО Кафе Луч;Москва;150000;20
337;Контролер управления гипермаркета; Леруа Мерлен. Гипермаркеты;Санкт-Петербург;100000;5
338;Комплектовщик; Директ-Сервис;Москва;42000;17
339;"Продавец-консультант мебели (ТЦ ""Спутник"", г. Молодечно)";ООО МЕБЕЛЬ ДЛЯ ВАС;Молодечно;620;10
340;Бухгалтер;ООО Евроспецкомплект;Москва;55000;1
341;Веб-дизайнер;ООО Медэкс-Могилев;Могилев;600;20
342;Юрисконсульт;ООО Мелитэк;Москва;100000;15
343;Водитель - слесарь;ООО Замок-Сервис;Москва;120000;13
344;Старший менеджер по продажам / Руководитель отдела продаж;ООО Оптимальный Путь;Москва;80000;12
345;Сотрудник охраны; ВОЛЬФ, ЧОП;Москва;50000;19
346;Специалист по федеральной работе с претензиями (без продаж);ПАО МегаФон, IT;Нижний Новгород;30000;9
347;Mid+ JavaScript Developer; Oxagile;Минск;100000;10
348;Разнорабочий; Победа;Санкт-Петербург;40000;4
349;Водитель на автомобиль компании;ООО КОРИС-ГУАРД;Минск;1200;15
350;Менеджер по продажам (специалист по сертификации); Группа Компаний Стандарт Качества;Минск;1500;1
351;Территориальный управляющий розничной сети; Верность качеству, Кондитерская Фабрика;Москва;100000;18
352;Бухгалтер на первичную документацию; Prosperity;Минск;800;18
353;Специалист контакт-центра (call-центр); Банк ВТБ (ПАО);Воронеж;40000;18
354;Водитель категории ВС;ИП Костенко Наталья Владимировна;Санкт-Петербург;56000;1
355;Менеджер по работе с корпоративными клиентами (лизинг оборудования);ООО ЛК Сименс Финанс;Самара;100000;2
356;Руководитель торгового сектора Леруа Мерлен; Леруа Мерлен. Гипермаркеты;Санкт-Петербург;100000;19
357;Директор службы внутренней и экономической безопасности;ООО Регстаэр;Москва;100000;12
358;Кассир торгового зала; ДЛТ. ЦУМ – Санкт-Петербург;Санкт-Петербург;30000;18
359;Ночной Комплектовщик; буше;Москва;40000;6
360;Территориальный руководитель розничной сети; Квадратный метр;Брянск;50000;16
361;Оператор колл-центра; «Пицца Лисицца»;Минск;600;5
362;Оператор производственной линии;ООО Керри;Истра;60000;18
363;Охранник; Легис безопасность;Москва;40000;10
364;Помощник Digital Marketing Manager;ООО МедЗнания;Москва;45000;10
365;Водитель;ООО Транссервис;Москва;65000;13
366;Специалист отдела продаж / логист;ООО АвтоГруппБай;Минск;1500;15
367;Мерчендайзер (Могилев и Могилевская обл.);ОАО Пивоваренная компания Аливария,часть Carlsberg Group;Могилев;750;12
368;Курьер; Семья;Казань;30000;9
369;QA Engineer; SoftSwiss;Минск;100000;9
370;Региональный менеджер по продажам в СЗФО;ООО Техно Лит;Санкт-Петербург;75000;15
371;Операционист;ООО САМСОН, ГРУППА КОМПАНИЙ;Ставрополь;26200;7
372;Инженер-механик (стажер); HeidelbergCement Group;Белгород;100000;2
373;Медицинский представитель;Иностр. п. Представительство АО «Sandoz Pharmaceuticals d.d.» (Словения) в Республике Беларусь;Витебск;100000;4
374;Менеджер по продажам пряжи и товаров для рукоделия;ИП Самарина Татьяна Владимировна;Новосибирск;30000;5
375;Специалист по работе с партнерами;ОАО БПС-Сбербанк;Витебск;100000;15
376;Комплектовщик/оператор склада; YouDo;Стерлитамак;36000;2
377;Руководитель по PR Дальневосточного региона;ПАО МегаФон, Офис;Хабаровск;100000;13
378;Грузчик;ООО ТД Рублевский;Москва;45000;20
379;Продавец-кассир Zara Дом Мертенса; Магазины;Санкт-Петербург;100000;5
380;Водитель-курьер;ООО Компания Интерлогистика;Москва;50000;12
381;Менеджер по продажам (без поиска клиентов); ЭЛКОД, группа компаний;Москва;70000;10
382;Маркетолог/интернет-маркетолог;ООО МКтрейд;Минск;1000;11
383;Регіональний представник з продажу; Winner Group Ukraine;Киев;100000;9
384;Продавец-консультант товаров для дома (ТЦ Европолис); Hoff;Москва;45000;9
385;Специалист виртуального офиса; Точка;Екатеринбург;40000;6
386;Менеджер по рекламе и маркетингу (нижнее белье);ООО ВЕСТ ТРЕЙД;Москва;65000;18
387;Территориальный менеджер;ООО Premium trade group;Ташкент;100000;16
388;Ассистент менеджера магазина Bershka; Магазины;Киров (Кировская область);100000;14
389;Монтажник связи; Частное предприятие Классик-транс;Минск;1500;10
390;Системный администратор / Компьютерный мастер (Мастер ПК);ООО ЮниТех;Москва;70000;1
391;Менеджер по продажам недвижимости;ТОО QUBIQ GROUP;Алматы;300000;14
392;Юрист;ОАО ЖИЛСТРОЙ;Витебск;600;6
393;Трейдер по продаже нефтепродуктов (бензин, нафта, газойль, мазут, авиационное топливо); Fleet Energy Inc.;Москва;100000;12
394;Пеший курьер;ООО Курьерист;Москва;40000;12
395;Менеджер по продаже мебели;ООО Фабрика Стиль;Москва;55000;8
396;Compliance Officer;ООО Финстек Бел;Москва;100000;1
397;Повар-пиццер; «Пицца Лисицца»;Минск;1150;9
398;Менеджер по работе с клиентами;ООО MiaSofia;Москва;45000;16
399;Менеджер по продажам освещения;ТОО QAZ SVET;Нур-Султан;200000;4
400;Водитель - ремонтник;ООО Замок-Сервис;Москва;120000;15
401;Head of Sales (HVAC);ООО OOO Xususiy Bandlik Agentligi DMC;Ташкент;100000;14
402;Remote Data Scientist;ООО MaxinAI;Нур-Султан;1500;15
403;Водитель со своим легковым автомобилем; Курьер Сервис Экспресс;Москва;100000;5
404;Инженер по организации, эксплуатации и ремонту;АО Uzauto Motors Powertrain;Ташкент;100000;13
405;Заместитель директора по финансам и логистике;ООО Доставка Плюс;Казань;100000;2
406;Офис-менеджер;ООО НотаГолд;Москва;40000;13
407;Директор по развитию и продажам (CBDO); Prospects Group;Киев;30000;7
408;Мастер-приемщик;УП Моторлэнд;Казань;60000;12
409;Водитель/водитель-экспедитор/курьер;ЗАО E-dostavka.by;Минск;1200;17
410;Менеджер по проектам;ТОО TDS Media;Алматы;300000;4
411;Ведущий менеджер по продажам;ООО Сила Земли;Краснодар;70000;6
412;Менеджер по закупкам;ООО ТК Микскар;Одинцово;45000;11
413;Врач-косметолог;ООО БьютиМедСервис;Москва;65000;16
414;Слесарь серверного участка;ТОО ADM Machinery & Service;Риддер (ВКО);200000;20
415;Менеджер по продажам;ТОО Techvirt;Нур-Султан;120000;6
416;Продавец-консультант в Ароматный Мир; Ароматный мир, винные супермаркеты;Санкт-Петербург;28000;3
417;Специалист call-центра (удаленно);ПАО Совкомбанк;Новосибирск;100000;9
418;Сборщик жалюзи и рулонных штор в цех;ТОО Евростиль Казахстан (Экспресс оплата, ТОО);Алматы;120000;10
419;Интервьюер; СКБ Контур;Екатеринбург;25000;17
420;Помощник юриста;ООО Финансово-правовой альянс;Санкт-Петербург;45000;17
421;Менеджер по оптовым продажам;ООО МосОптТорг;Москва;80000;16
422;Менеджер по продажам; Мединат ИТ;Минск;750;9
423;Кассир в пиццерию (г. Солигорск);ООО Доминоспицца;Солигорск;750;4
424;Sales Team Senior Coordinator / Ведущий координатор в отдел продаж Procter & Gamble; «Procter & Gamble», Молодой специалист;Москва;65000;13
425;Менеджер по продажам (без поиска клиентов); Теремъ;Москва;50000;5
426;Категорийный Менеджер; ОБИ Центральный офис;Москва;100000;10
427;Грузчик;ОАО МИНСК КРИСТАЛЛ - управляющая компания холдинга МИНСК КРИСТАЛЛ ГРУПП;Минск;900;9
428;Мерчендайзер; Унитарное предприятие «Кока-Кола Бевриджиз Белоруссия».;Гродно;100000;12
429;Инженер ПТО;ООО ГазАртСтрой;Астрахань;120000;8
430;Инженер технического надзора (Узбекистан);ООО Golden House;Москва;100000;5
431;Водитель-курьер; ПИЦЦА ТЕМПО;Гомель;600;3
432;Контролер управления - Ашан; АШАН Ритейл Россия;Москва;100000;1
433;Сотрудник склада; Ozon Производство;Екатеринбург;35000;17
434;Руководитель направления C&B;Российский банк;Москва;100000;20
435;Водитель-курьер Lamoda; Lamoda;Сочи;50000;2
436;Подсобный рабочий;ИП Принткорп;Минск;760;6
437;Водитель-экспедитор;ООО ЛТР;Москва;70000;2
438;Customer Service Agent with English Speaking;ТОО Acasc study in china;Алматы;80000;19
439;Директор магазина Bershka; Магазины;Киров (Кировская область);100000;14
440;Специалист по учету и анализу данных; APS;Минск;100000;5
441;"Продавец-консультант в дисконт-центр adidas (ТЦ ""Меридиан"")"; adidas, Фирменные магазины;Краснодар;100000;19
442;Программист iOS (Swift); Cappasity Inc.;Москва;100000;10
443;Водитель-курьер;ООО МенюБай;Бобруйск;700;5
444;Менеджер по работе с клиентами (на входящие заявки);ООО Гигант-Двери;Екатеринбург;35000;5
445;Водитель категории С, Е в Литву, Польшу, Англию, Россию;ООО КА Семья успеха;Калининград;1700;7
446;"Продавец-консультант в магазины ""Вкусвилл"" (Санкт-Петербург)"; ВкусВилл. Магазины;Санкт-Петербург;38000;9
447;Администратор; «Пицца Лисицца»;Минск;800;17
448;Гейм-дизайнер гиперказуальных игр; КА Натальи Зотовой;Минск;10000;18
449;Фотограф; LikeMe Studio;Москва;70000;4
450;Юрист; Organic life;Ташкент;100000;2
451;Продавец-консультант в бутик Loro Piana (The Outlet Moscow); ЦУМ, Дисконт;Москва;65000;1
452;Агент по продаже недвижимости; Этажи;Минск;1600;1
453;Менеджер по работе с ключевыми клиентами; Алютех;Батайск;60000;9
454;Менеджер магазина в торговую сеть CORE;ООО ATTRANERGY TRADING;Ташкент;4000000;1
455;Курьер-водитель;ООО Атехком;Москва;40000;16
456;Специалист в архив (4 часа не удаленно); Билайн;Воронеж;15000;11
457;Региональный медицинский представитель;ТОО Unimed Services;Нур-Султан;280000;2
458;Кладовщик-отборщик (комплектовщик); МАГНИТ, Розничная сеть;Сургут;62000;17
459;Мерчендайзер (г. Москва); Л'Этуаль;Москва;35000;15
460;Специалист по работе с корпоративными клиентами;ООО ЮрСпектр;Гомель;800;12
461;Менеджер по продажам без привлечения клиентов; СКБ Контур;Москва;72000;3
462;Subsidiary Director; LeverX International;Польша;100000;19
463;Менеджер по продажам;ООО ВДМ;Санкт-Петербург;84000;6
464;Администратор клининга (ночь); Staff-hr;Москва;45000;20
465;Телемаркетолог;ПАО Ростелеком;Сарапул;12000;11
466;Менеджер по продажам; Аплинк Нетворкс;Минск;2000;3
467;Продавец-кассир Stradivarius (ТЦ Планета); Магазины;Новокузнецк;100000;4
468;Менеджер по продажам в Премиум фитнес-клуб;ИП Желманова Инна Александровна;Москва;75000;7
469;Продавец-кассир; Кафе-столовая Марков Двор;Москва;40000;12
470;Копирайтер / Пресс-секретарь; Consortium Psychiatricum;Москва;50000;20
471;Кладовщик (Универмаг Московский); Сеть магазинов цифровой и бытовой техники DNS;Москва;42000;16
472;Грузчик-комплектовщик (м.Старая деревня); буше;Санкт-Петербург;45000;1
473;Intercontinental Rail Product Manager; Maersk Group;Санкт-Петербург;100000;1
474;Медиа менеджер; ECCO;Москва;100000;4
475;Бизнес-аналитик;ЗАО ПремияАгро;Минск;100000;12
476;Специалист отдела бизнес-администрирования;ООО Kolberg Group;Ташкент;100000;5
477;Ассистент отдела продаж; CATAPULTO.RU;Москва;45000;16
478;Главный клиентский менеджер малого бизнеса; Сбер для экспертов;Москва;127350;9
479;Начальник отдела маркетинга;ООО Агроакадемия;Белгород;70000;16
480;Курьер (Доставка);ООО Доставико;Москва;40000;20
481;Персональний асистент; Winner Group Ukraine;Киев;100000;19
482;Повар-сушист; СУШИ ВЕСЛА;Минск;720;1
483;IT HR head / HR business partner (HR BP);ООО МКК Русинтерфинанс;Новосибирск;70000;20
484;Специалист СМК;ТОО Qazaq National Product;Караганда;200000;20
485;Менеджер з маркетингових комунікацій Jaguar Land Rover; Winner Group Ukraine;Киев;100000;7
486;Водитель на Мерседес-Бенц Е-класс / Персональный водитель (Wheely Сервис личных водителей); ATOM LINE (ИП Ромов Владимир Анатольевич);Москва;75000;20
487;Brand Director / Директор по маркетингу;+;Санкт-Петербург;100000;9
488;Кладовщик-комплектовщик;ООО Платки и шали;Санкт-Петербург;30000;10
489;Кладовщик (м. Кантемировская); Ozon Производство;Москва;55000;10
490;Инженер по охране окружающей среды (эколог);ОАО БЕЛГИПС;Минск;100000;6
491;Комплектовщик/оператор склада; YouDo;Октябрьский (Республика Башкортостан);36000;8
492;Менеджер по продажам технологического оборудования; Эстекс Бел, ЧП;Минск;1200;15
493;Танцовщица/танцовщик, г. Москва;ООО Омега;Москва;300000;12
494;Менеджер (м. Бульвар Дмитрия Донского, м. Скобелевская); Сеть винных супермаркетов «Ароматный мир»;Москва;65000;3
495;Менеджер по продажам услуг;ИП Манюков Роман Сергеевич;Краснодар;38000;20
496;Специалист по тендерам;ООО Онбит;Уфа;30000;7
497;Младший 2D художник-иллюстратор; ZAVOD Games;Москва;50000;18
498;Главный клиентский менеджер малого бизнеса; Сбер для экспертов;Санкт-Петербург;90000;7
499;Преподаватель китайского языка;ООО Илэнг;Москва;100000;12
500;Оператор call-центра;ООО Медикана Нн;Нижний Новгород;25000;19
501;Менеджер по работе с корпоративными клиентами;ОАО БПС-Сбербанк;Гродно;100000;1
502;Специалист бэк-офиса/Помощник менеджера по реализациям и логистике; КУБОМЕТР;Самара;25000;7
503;Администратор в SPA-салон; SPA-салон МОНАРХИЯ;Екатеринбург;55000;1
504;Front-end developer; BelVG;Минск;100000;15
505;Менеджер по продажам без поиска клиентов; СКБ Контур;Москва;69000;11
506;Слесарь по ремонту и техническому обслуживанию завода;ТОО «Вагоностроительный завод «Т?лпар»;Нур-Султан;100000;18
507;Санитарка / санитар (уборщик служебных помещений) в медицинский центр; Лодэ;Минск;640;6
508;Специалист по IT; Частное предприятие БЕЛЮНИПРОМ;Могилев;550;20
509;Сборщик заказов; Пятёрочка. Склад, логистика;Нижний Тагил;100000;10
510;Продавец-консультант (Керамическая плитка); Урбанист;Москва;50000;10
511;Руководитель группы запуска розничной сети;ООО ВсеИнструменты.ру;Москва;140000;5
512;Менеджер по продажам;ООО Сфера Комфорта;Ульяновск;40000;19
513;Водитель-курьер на личном автомобиле Яндекс Маркет (Беру);ИП Левина Галина Алексеевна;Санкт-Петербург;60000;17
514;Assistant Product Manager(выходного дня);ООО Амасейлс;Минск;100000;1
515;Мастер цеха сварных конструкций; VDS;Минск;1200;20
516;Инженер-метролог;ООО СпецМонтаж;Москва;70000;11
517;Член бригады ресторана (г. Витебск);ООО Доминоспицца;Витебск;700;7
518;Ночной кладовщик-комплектовщик; Lamoda;Москва;40000;5
519;Офис-менеджер;ООО GANGA HEALTHCARE;Ташкент;2500000;2
520;Грузчик (Помощник экспедитора);ТОО Торговый дом «Ордабасы – кус»;Шымкент;70000;9
521;Старший специалист по взысканию задолженности; Сбер для экспертов;Санкт-Петербург;56000;13
522;Специалист 1ой линии технической поддержки; Аптечная сеть Максавит и 36,7;Нижний Новгород;50000;17
523;Бухгалтер / Аналитик данных;ООО Автоматизация и Консалтинг;Самара;40000;3
524;Колорист по волосам (ученик); Салон красоты Гармония;Казань;50000;12
525;Сборщик заказов; Lamoda;Люберцы;45000;5
526;Специалист по транспорту; APS;Минск;1000;9
527;Кладовщик-экспедитор;ТОО Интер-Холод;Алматы;150000;14
528;Кассир-сборщик (подработка);ООО Гигант;Санкт-Петербург;9000;9
529;Главный портфельный консультант- Финансовый советник; «РОСБАНК, Societe Generale Group», с опытом работы;Москва;100000;8
530;Администратор-кассир; ГК Эксперт;Уфа;29000;7
531;Водитель;ООО ЛТР;Москва;70000;2
532;Специалист по качеству; ТрансТехСервис - Набережные Челны;Набережные Челны;25000;6
533;Водитель-курьер на автомобиле; ВкусВилл. Доставка ;Москва;48000;5
534;Ассистент руководителя;ТОО Лайк Центр Астана;Нур-Султан;120000;3
535;"Продавец-кассир в сеть магазинов ""VINO&ТUТ"" (пр-кт Притыцкого , ул.Слободская)";ОАО Минбакалеяторг;Минск;700;9
536;Специалист по документообороту (Помощник руководителя) Пушкин, Павловск.;ООО Автотехника;Санкт-Петербург;40000;10
537;Менеджер по продажам рекламы; 2ГИС;Санкт-Петербург;60000;4
538;Сборщик заказов; Пятёрочка. Склад, логистика;Краснодар;100000;3
539;Менеджер по продажам оборудования и комплектующих для отопительных систем и бассейнов;ООО Aquaheat Group;Ташкент;1500000;6
540;Швея; Консул Медиа;Санкт-Петербург;100000;2
541;Оператор call-центра (продажи);ТОО Студио Модерна Казахстана;Алматы;75000;18
542;Комплектовщик/оператор склада; YouDo;Владимир;36000;17
543;Таможенный декларант;ООО EPA;Ташкент;100000;6
544;Специалист по кадрам/экономист;Совместн. п. Тсин Эст Трейд;Жодино;755;5
545;Менеджер отдела продаж/ Закупки;ООО ТендерТрейд;Москва;65000;8
546;Повар-сушист;ООО Легкий ужин;Минск;1050;3
547;Менеджер по развитию интернет-проекта; CATAPULTO.RU;Санкт-Петербург;70000;9
548;Курьер;ИП Ершов Сергей Евгеньевич;Санкт-Петербург;35000;6
549;Водитель-курьер на личном автомобиле; СберМаркет;Екатеринбург;100000;6
550;Заведующий складом;ТОО Тави Павлодар;Алматы;200000;16
551;Комплектовщик/оператор склада; YouDo;Москва;36000;7
552;Удаленная работа Оператор call-центра; Shop&Show;Москва;30000;18
553;Консультант - дизайнер;" Компания ""Мария"". Розничная сеть";Москва;70000;18
554;Промоутер-консультант (ТЦ Град); Рекордсмен;Минск;750;11
555;Продавец-консультант непродовольственных товаров;ООО Диамант;Новосибирск;100000;20
556;Повар в винный бар;ООО Резалт;Москва;40000;19
557;Офис-менеджер;ИП СЕКСЕНАЛЫ;Алматы;100000;13
558;Менеджер по продажам с окладом;ООО Колизеум;Москва;50000;15
559;Менеджер по работе с клиентами;ООО ИНЕКС;Москва;100000;3
560;Ночной водитель; Black&Yellow;Санкт-Петербург;35000;16
561;Менеджер отдела продаж (на входящие звонки);ООО Интернет-Тариф;Ростов-на-Дону;25000;11
562;Менеджер по продажам кокосового молока и тайских соусов; ЭксИм Пасифик;Москва;50000;4
563;Сборщик заказов; Пятёрочка. Склад, логистика;Кулунда;100000;17
564;Менеджер по продажам онлайн-курсов (удалённая работа);ООО Шоу-школа;Санкт-Петербург;50000;8
565;Кладовщик /специалист по учету IT оборудования; Аптечная сеть Максавит и 36,7;Нижний Новгород;37500;12
566;Сборщик заказов; Пятёрочка. Склад, логистика;Новоалтайск;100000;1
567;Менеджер по продажам в интернет-магазин; Связной;Москва;52000;16
568;Ведущий специалист по закупкам; Жемчужина кухни;Минск;2000;1
569;Сборщик заказов; Пятёрочка. Склад, логистика;Элиста;100000;20
570;Сборщик заказов; Пятёрочка. Склад, логистика;Черногорск;100000;16
571;Сборщик заказов; Пятёрочка. Склад, логистика;Каменск-Уральский;100000;13
572;Продавец-консультант (подработка утренняя/вечерняя);ООО Гигант;Москва;19000;8
573;Сборщик заказов; Пятёрочка. Склад, логистика;Набережные Челны;100000;8
574;Фармацевт-провизор;ООО МЕЖРЕГИОНАЛЬНАЯ РОЗНИЧНАЯ ФАРМАЦЕВТИЧЕСКАЯ КОМПАНИЯ;Москва;60000;14
575;Охранник в бутик одежды; Император, Группа компаний;Москва;45000;15
576;Сборщик заказов; Пятёрочка. Склад, логистика;Новокузнецк;100000;12
577;Сборщик заказов; Пятёрочка. Склад, логистика;Шумиха;100000;13
578;Сборщик заказов; Пятёрочка. Склад, логистика;Камышин;100000;12
579;Оператор склада; Ozon Логистика ;Сочи;36000;2
580;SMM специалист;ТОО GulMarket Цветочная Лаборатория;Алматы;150000;5
581;Помощник печатника (флексопечать);ООО КиМа флекс;Минск;1279;19
582;Бухгалтер-кладовщик;ООО МЦ Патриот;Волгоград;20000;16
583;Сборщик заказов; Пятёрочка. Склад, логистика;Яблоновский (Республика Адыгея);100000;8
584;Сборщик заказов; Пятёрочка. Склад, логистика;Тольятти;100000;16
585;Сборщик заказов; Пятёрочка. Склад, логистика;Тавда;100000;6
586;Кладовщик / Комплектовщик; Пятёрочка. Магазины;Рыбное;100000;11
587;Директор супермаркета / Директор магазина; Универсам Малинка;Санкт-Петербург;45000;16
588;Администратор; MShow;Москва;60000;8
589;Оператор станков с ЧПУ;АО АВТОШТАМП;Москва;60000;17
590;Водитель-курьер; Dostavista.ru;Санкт-Петербург;72000;11
591;Руководитель отдела транспортной логистики;ООО Мастер Логистик;Санкт-Петербург;100000;18
592;Водитель; ГрузовичкоФ;Москва;100000;1
593;Специалист(Юрисконсульт) в отдел развития онлайн продуктов для юристов;ООО ЮрСпектр;Минск;1086;4
594;Водитель-курьер;ИП Максименко Алексей Геннадьевич;Санкт-Петербург;70000;12
595;Бизнес-ассистент руководителя;ЗАО Белфарм, СЗАО;Минск;100000;14
596;Помощник администратора в игорный клуб; VICTORY;Жлобин;550;20
597;Продавец-консультант в дисконт-центр adidas (ТЦ Виктория); adidas, Фирменные магазины;Калининград;24000;7
598;Утренний / вечерний кассир (подработка);ООО Гигант;Москва;28050;11
599;Продавец-консультант (г. Москва); Л'Этуаль;Москва;45000;7
600;Битрикс-разработчик; Mikrokreditbank;Ташкент;100000;20
601;Сборщик мебели; Антей-Альфа;Москва;68966;4
602;Сборщик заказов; Пятёрочка. Склад, логистика;Заринск;100000;11
603;Менеджер по продажам недвижимости / Риелтор-стажёр; ЭстэйтЛига;Москва;200000;18
604;Монтажник ЛВС; SkyNet;Санкт-Петербург;50000;2
605;Сборщик заказов; Пятёрочка. Склад, логистика;Котлас;100000;8
606;Водитель-курьер на личном автомобиле;ООО Дио;Москва;70000;13
607;Сборщик заказов; Пятёрочка. Склад, логистика;Прокопьевск;100000;9
608;Сборщик заказов; Пятёрочка. Склад, логистика;Михайловск (Ставропольский край);100000;4
609;Sales manager (г. Самарканд);ООО ATTRANERGY TRADING;Самарканд;4000000;1
610;Водитель-курьер с личным автомобилем; Далли-сервис;Санкт-Петербург;60000;10
611;Менеджер по продажам консалтинговых услуг;ООО Legalact;Ташкент;2000000;19
612;Кладовщик/товаровед; Комус;Санкт-Петербург;33000;2
613;Сборщик заказов; Пятёрочка. Склад, логистика;Стерлитамак;100000;9
614;Language School Manager; Люкс Инглиш;Москва;40000;9
615;Менеджер по продажам услуг; 2ГИС;Москва;80000;10
616;Кладовщик-отборщик/комплектовщик; МАГНИТ, Розничная сеть;Новосибирск;44000;3
617;Менеджер по продажам; rabota.by;Минск;100000;18
618;Сборщик заказов; Пятёрочка. Склад, логистика;Верещагино;100000;18
619;Сборщик заказов; Пятёрочка. Склад, логистика;Слободской;100000;4
620;Разработчик Android; АйТи++;Санкт-Петербург;200000;10
621;Менеджер контроля управления - Ашан; АШАН Ритейл Россия;Челябинск;100000;11
622;Менеджер по продажам бурильного оборудования и запасных частей;ТОО Торговая компания Гамма;Алматы;150000;7
623;Грузчик-экспедитор;ООО МЗ-Промоушен;Гомель;700;2
624;Вечерний курьер;ООО Курьерист;Москва;40000;9
625;Менеджер по продаже / Менеджер по работе с клиентами;ООО МТК Трансазия-Русь;Москва;80000;19
626;Продавец-консультант SUNLIGHT; SUNLIGHT;Москва;50000;19
627;Охранник в бизнес-центр; Кадровое агентство Страж;Москва;50000;8
628;Сборщик заказов; Пятёрочка. Склад, логистика;пгт имени Свердлова;100000;2
629;Руководитель проектов в металлургии;ООО Спреинг Текнолоджиз;Москва;130000;5
630;Руководитель проекта/ менеджер проекта;ООО ПОЛИГОН;Москва;90000;14
631;Менеджер по продажам; Деловые системы связи;Минск;900;16
632;Менеджер по подбору и оформлению персонала; SportMediaGroup, рекламное агентство;Москва;40000;12
633;Водитель; G M A COMPANY;Москва;75000;1
634;Менеджер по работе с клиентами (удаленно); SkyNet;Санкт-Петербург;40000;7
635;Сборщик заказов; Пятёрочка. Склад, логистика;Андреаполь;100000;12
636;Менеджер по закупкам; НОНТОН.РФ;Санкт-Петербург;45000;6
637;Специалист по оказанию розничных банковских услуг;ЗАО Банк ВТБ (Беларусь). Розничный бизнес ;Брест;100000;20
638;Ведущий маркетолог;ТОО Brainest Digital Agency;Алматы;300000;11
639;Сборщик заказов; Пятёрочка. Склад, логистика;Ярославль;100000;1
640;Помощник мастера СТО - менеджер по продажам;УП Моторлэнд;Санкт-Петербург;50000;6
641;Специалист по IT;ТОО 1С:Франчайзи FAVOR-IT;Алматы;150000;5
642;Менеджер-стажер ресторана KFC;ООО Сити Ресторантс;Москва;34000;10
643;"Продавец-консультант мебели (ТЦ ""MIX, г. Бобруйск)";ООО МЕБЕЛЬ ДЛЯ ВАС;Бобруйск;510;13
644;Account Manager/ Influencer Marketing Specialist;ООО ДиалМедиа / Buzzguru;Минск;500;11
645;Сборщик заказов; Пятёрочка. Склад, логистика;Азов;100000;12
646;Медицинская сестра - администратор; KDL Клинико диагностические лаборатории;Новосибирск;30000;10
647;Сборщик заказов; Пятёрочка. Склад, логистика;Северодвинск;100000;18
648;Сборщик заказов; Пятёрочка. Склад, логистика;Юрга;100000;13
649;Повар-сушист (г.Минск цех по производству суши);ЗАО Доброном;Минск;1440;8
650;Санитарка/санитар (уборщица/уборщик); ГК Эксперт;Санкт-Петербург;20600;16
651;Административный менеджер со знанием английского языка; Группа компаний ОТРАДА;Липецк;100000;2
652;Оператор производства;АО Р-Фарм;Москва;100000;16
653;Оператор линии на завод «Мерседес-Бенц»; Kelly Services;Зеленоград;40000;2
654;Сборщик заказов; Пятёрочка. Склад, логистика;Коноша;100000;20
655;Руководитель отдела продаж; ЮРФИНАНС;Красноярск;69000;1
656;Сборщик заказов; Пятёрочка. Склад, логистика;Мурино;100000;15
657;Сборщик заказов; Пятёрочка. Склад, логистика;Аша;100000;8
658;Сборщик заказов; Пятёрочка. Склад, логистика;Волжский(Волгоградская область);100000;9
659;Продавец-консультант парфюмерии;ИП Пермяков Максим Юрьевич;Чебоксары;20000;11
660;Сборщик заказов; Пятёрочка. Склад, логистика;Курск;100000;10
661;Сборщик заказов; Пятёрочка. Склад, логистика;Череповец;100000;16
662;Комплектовщик/оператор склада; YouDo;Нефтекамск;36000;18
663;Менеджер по комплектации/импорт-менеджер; Студия Анжелики Прудниковой;Москва;70000;14
664;Менеджер по продажам; IMEX GROUP;Ташкент;2000000;19
665;Ведущий специалист по охране труда;ООО ШЕРЕМЕТЬЕВО ХЭНДЛИНГ;Москва;60000;12
666;Приемосдатчик ССБ (Контролер на склад); Fix Price;Казань;40000;7
667;Продавец-кассир ( бариста);ООО Три правила;Москва;30000;16
668;Оператор склада; Ozon Логистика ;Воронеж;40000;12
669;Охранник без лицензии; Кадровое агентство Страж;Москва;45000;3
670;Сборщик заказов; Пятёрочка. Склад, логистика;Зилаир;100000;9
671;Сборщик заказов; Пятёрочка. Склад, логистика;Курган;100000;14
672;Сборщик заказов; Пятёрочка. Склад, логистика;Новая Адыгея;100000;8
673;Водитель-курьер на личном автомобиле; СберМаркет;Нижний Новгород;100000;11
674;Сборщик заказов; Пятёрочка. Склад, логистика;Тамбов;100000;19
675;Сборщик заказов; Пятёрочка. Склад, логистика;Новоуральск;100000;20
676;Кредитный инспектор по работе с юридическими лицами; Сбер для экспертов;Нижний Новгород;100000;20
677;Менеджер по работе с клиентами; ЭксИм Пасифик;Москва;50000;19
678;Интернет-маркетолог / Специалист по контекстной рекламе; Центр выдачи Электронных подписей;Москва;100000;3
679;Начальник отдела технического контроля (производство стройматериалов);ООО DURABLE MANAGEMENT;Ташкент;4000000;13
680;C++ Developer;ООО СК хайникс мемори солюшнс Восточная Европа;Минск;100000;1
681;Полицейский;Гос. корп. 1-й оперативный полк полиции ГУ МВД России по г. Москве (1 кавалерийский батальон, 1 рота);Москва;60000;17
682;Сборщик заказов; Пятёрочка. Склад, логистика;Алапаевск;100000;8
683;Медицинский представитель;ООО Vantage Focus;Ташкент;3000000;20
684;Сборщик заказов; Пятёрочка. Склад, логистика;Барнаул;100000;20
685;Менеджер по работе с клиентами; Capital Skills;Москва;70000;11
686;Сборщик заказов; Пятёрочка. Склад, логистика;Микунь;100000;4
687;Сборщик заказов; Пятёрочка. Склад, логистика;Новочеркасск;100000;18
688;Сборщик заказов; Пятёрочка. Склад, логистика;Радужный (Владимирская область);100000;6
689;Менеджер по продажам; Этажи, федеральная компания;Санкт-Петербург;100000;12
690;Сборщик заказов; Пятёрочка. Склад, логистика;Багаевская;100000;20
691;Сборщик заказов; Пятёрочка. Склад, логистика;Полазна;100000;6
692;Мастер птицеводческой продукции;ОАО Солигорская птицефабрика;Солигорск;1200;8
693;Риэлтор-стажер с обучением; ЖИЛФОНД, агентство недвижимости;Барнаул;37500;8
694;Водитель такси Яндекс.Такси;ООО ДРАЙВКЛАБ;Минск;1500;9
695;Сборщик заказов; Пятёрочка. Склад, логистика;Владикавказ;100000;13
696;Продавец в ТЦ МегаГрин; Белвест;Курск;22000;19
697;Сборщик заказов; Пятёрочка. Склад, логистика;Сердобск;100000;6
698;Сборщик заказов; Пятёрочка. Склад, логистика;Менделеевск;100000;6
699;Сборщик заказов; Пятёрочка. Склад, логистика;Лебедянь;100000;2
700;Оператор терминала (работник склада); DPD в России;Рязань;27600;3
701;Продавец; Билайн: Офисы продаж;Санкт-Петербург;55000;16
702;Сборщик заказов; Пятёрочка. Склад, логистика;Дзержинск (Нижегородская область);100000;10
703;Сборщик заказов; Пятёрочка. Склад, логистика;Архангельск;100000;11
704;Сборщик заказов; Пятёрочка. Склад, логистика;Асбест;100000;1
705;Сборщик заказов; Пятёрочка. Склад, логистика;Вязьма;100000;17
706;Сборщик заказов; Пятёрочка. Склад, логистика;Лагань;100000;11
707;Сборщик заказов; Пятёрочка. Склад, логистика;Лихославль;100000;17
708;Инженер по тестированию ПО; Docsvision;Санкт-Петербург;100000;12
709;Руководитель отдела ВЭД;ООО Компания Юнипром;Нижний Новгород;100000;11
710;Механик (Камчатский край);ООО ГК Тайгонос;Иркутск;130000;1
711;Медицинская сестра-анестезист;ОАО Институт пластической хирургии и косметологии;Москва;65000;1
712;Продавец-кассир; Пятёрочка. Магазины;Моздок;100000;9
713;Массажистка/ массажист;ИП Пимоненко О.А;Нур-Султан;250000;13
714;Сервис-консультант; ОсОО Кондитерский дом Куликовский;Новосибирск;25000;20
715;Кассир; Закрытое акционерное общество «Белорусско-Швейцарский Банк «БСБ Банк»;Минск;600;12
716;Сборщик заказов; Пятёрочка. Склад, логистика;Онега;100000;18
717;Сборщик заказов; Пятёрочка. Склад, логистика;Остров;100000;10
718;Сборщик заказов; Пятёрочка. Склад, логистика;Новозавидовский;100000;9
719;Сборщик заказов; Пятёрочка. Склад, логистика;Майкоп;100000;11
720;Сборщик заказов; Пятёрочка. Склад, логистика;Харабали;100000;9
721;Сборщик заказов; Пятёрочка. Склад, логистика;Оленегорск;100000;11
722;Сборщик заказов; Пятёрочка. Склад, логистика;Дюртюли;100000;5
723;Юрист по делам о банкротстве;ООО Юридические технологии и консалтинг;Москва;100000;4
724;"Продавец книжного магазина (м. Юго-Западная, ТРЦ ""Фестиваль"")"; ЛАБИРИНТ;Москва;50000;6
725;Сборщик заказов; Пятёрочка. Склад, логистика;Мелеуз;100000;11
726;Сборщик заказов; Пятёрочка. Склад, логистика;Учалы;100000;3
727;Сборщик заказов; Пятёрочка. Склад, логистика;Маркс;100000;19
728;Сборщик заказов; Пятёрочка. Склад, логистика;Перевоз;100000;19
729;Сборщик заказов; Пятёрочка. Склад, логистика;Пено;100000;5
730;Сборщик заказов; Пятёрочка. Склад, логистика;Заречный (Свердловская область);100000;12
731;Сборщик заказов; Пятёрочка. Склад, логистика;Астрахань;100000;13
732;Сборщик заказов; Пятёрочка. Склад, логистика;Богородск;100000;18
733;Сборщик заказов; Пятёрочка. Склад, логистика;Георгиевск;100000;16
734;Продавец - консультант IQOS; UP! Russia;Кострома;25000;4
735;Помощник повара; ЦУМ, Офис;Москва;40000;6
736;Продавец-кассир; Пятёрочка. Магазины;Энем;100000;19
737;Сборщик заказов; Пятёрочка. Склад, логистика;Новосиль;100000;13
738;"Старший продавец (ТЦ ""Радуга"",ТЦ""Я"")"; Белвест;Кемерово;30000;18
739;Юрист;ООО Юридическое Бюро Лидер Права;Москва;80000;2
740;Выездной Инженер технического обслуживания; А1. Информационные технологии, телеком;Брест;1000;7
741;Пеший курьер; ВкусВилл. Доставка ;Москва;36000;10
742;Paid Media Manager; Wargaming, Moscow;Минск;100000;19
743;Сборщик заказов; Пятёрочка. Склад, логистика;Агидель;100000;15
744;Кладовщик / Комплектовщик; Пятёрочка. Магазины;Адыгейск;100000;1
745;Продавец-консультант магазин?а re:Store (продукция Apple) Гум; Inventive Retail Group, re:Store;Казань;60000;18
746;Системный администратор;ООО ВиЭф Сервисес;Красноярск;35000;14
747;Сборщик заказов; Пятёрочка. Склад, логистика;Новозыбков;100000;16
748;Сборщик заказов; Пятёрочка. Склад, логистика;Приютное;100000;11
749;Менеджер по работе с маркетплейсами;ООО Платки и шали;Санкт-Петербург;40000;5
750;Водитель-курьер на Ford Transit; Ozon Логистика ;Королев;75000;14
751;Сборщик заказов; Пятёрочка. Склад, логистика;Пестово;100000;14
752;Сборщик заказов; Пятёрочка. Склад, логистика;Тугулым;100000;10
753;Главный специалист по лицензированию и подготовке отчетности;АО Газстройпром;Санкт-Петербург;100000;4
754;Сборщик заказов; Пятёрочка. Склад, логистика;Строитель;100000;20
755;Сборщик заказов; Пятёрочка. Склад, логистика;Бирск;100000;15
756;Директор магазина; Пятёрочка. Магазины;Мантурово;100000;16
757;Менеджер по продажам; Beauty Flight;Москва;100000;16
758;Финансовый аналитик; Л'Этуаль;Москва;100000;18
759;Продавец-кассир; Пятёрочка. Магазины;Ипатово;100000;17
760;Сборщик заказов; Пятёрочка. Склад, логистика;Ухта;100000;10
761;Сборщик заказов; Пятёрочка. Склад, логистика;Реж;100000;18
762;Сборщик заказов; Пятёрочка. Склад, логистика;Ленинск-Кузнецкий;100000;6
763;Сборщик заказов; Пятёрочка. Склад, логистика;Котельниково;100000;3
764;Сборщик заказов; Пятёрочка. Склад, логистика;Кармаскалы;100000;14
765;Сборщик заказов; Пятёрочка. Склад, логистика;Красногвардейское (Адыгея);100000;8
766;Бухгалтер;ТОО Papirus Print;Алматы;100000;12
767;Сборщик заказов; Пятёрочка. Склад, логистика;Бугуруслан;100000;17
768;Кладовщик / Комплектовщик; Пятёрочка. Магазины;Поспелиха;100000;2
769;Менеджер по продажам; Группа компаний GeoSM;Нижний Новгород;50000;7
770;Специалист по тестированию/Системный администратор; Searchinform;Санкт-Петербург;50000;10
771;Работник «Макдоналдс»; Макдоналдс, Россия;Москва;100000;8
772;Сборщик заказов; Пятёрочка. Склад, логистика;Киров (Кировская область);100000;1
773;Продавец-консультант IQOS; UP! Russia;Ярославль;25000;20
774;Сборщик заказов; Пятёрочка. Склад, логистика;Энгельс;100000;9
775;Сборщик заказов; Пятёрочка. Склад, логистика;Рязань;100000;20
776;Сборщик заказов; Пятёрочка. Склад, логистика;Ивдель;100000;1
777;Сборщик заказов; Пятёрочка. Склад, логистика;Соль-Илецк;100000;14
778;Сборщик заказов; Пятёрочка. Склад, логистика;Донецк (Ростовская область);100000;19
779;Сборщик заказов; Пятёрочка. Склад, логистика;Ясный;100000;16
780;Сборщик заказов; Пятёрочка. Склад, логистика;Кулебаки;100000;3
781;Сборщик заказов; Пятёрочка. Склад, логистика;Навля;100000;2
782;Сборщик заказов; Пятёрочка. Склад, логистика;Адыгейск;100000;11
783;Сборщик заказов; Пятёрочка. Склад, логистика;Сураж;100000;14
784;Сборщик заказов; Пятёрочка. Склад, логистика;Кушнаренково;100000;16
785;Кладовщик / Комплектовщик; Пятёрочка. Магазины;Александровск (Пермский край);100000;18
786;Продавец-консультант; КераМир;Тюмень;50000;1
787;Сборщик заказов; Пятёрочка. Склад, логистика;Рубцовск;100000;20
788;Сборщик заказов; Пятёрочка. Склад, логистика;Шумерля;100000;11
789;Сборщик заказов; Пятёрочка. Склад, логистика;Северное (Новосибирская область);100000;7
790;Сборщик заказов; Пятёрочка. Склад, логистика;Моздок;100000;15
791;Кладовщик / Комплектовщик; Пятёрочка. Магазины;Нелидово;100000;6
792;Менеджер по продажам в премиальный магазин Apple Cstore (ТК Южный); Связной. Cstore;Казань;45000;19
793;Сборщик заказов; Пятёрочка. Склад, логистика;Калининград;100000;17
794;Сборщик заказов; Пятёрочка. Склад, логистика;Арск;100000;19
795;Сборщик заказов; Пятёрочка. Склад, логистика;Яйва;100000;1
796;Продавец-кассир; Пятёрочка. Магазины;Подгорное;100000;8
797;Сборщик заказов; Пятёрочка. Склад, логистика;Чебоксары;100000;19
798;Сборщик заказов; Пятёрочка. Склад, логистика;Добрянка;100000;13
799;Сборщик заказов; Пятёрочка. Склад, логистика;Сестрорецк;100000;7
800;Сборщик заказов; Пятёрочка. Склад, логистика;Ермекеево;100000;19
